diagnosis,worst_range,worst_mean,worst_median,worst_sd
B,11.89,13.37980112044818,13.35,1.9813675697080733
M,23.2,21.134811320754718,20.59,4.283569453482647
